case_id,ref_pdb,chain_id,start_resi,end_resi,ligand_resname,scale_factor,scale_mode,has_native_ref,mutation_group,ligand_family,pocket_module,analysis_role
6GJ6_G12D_Neu-L7-1,6GJ6.pdb,A,21,27,EZZ,3.8,fixed,true,G12D,BI2852_related_series,neutral_background,background_control
6GJ8_G12D_Neu-L7-1,6GJ8.pdb,A,21,27,F0K,3.8,fixed,true,G12D,BI2852_related_series,neutral_background,background_control
7RPZ_G12D_Neu-L7-1,7RPZ.pdb,A,21,27,6IC,3.8,fixed,true,G12D,MRTX1133_series,neutral_background,background_control
7RT1_G12D_Neu-L7-1,7RT1.pdb,A,21,27,7L8,3.8,fixed,true,G12D,MRTX1133_series,neutral_background,background_control
7RT4_G12D_Neu-L7-1,7RT4.pdb,A,21,27,7IZ,3.8,fixed,true,G12D,MRTX1133_series,neutral_background,background_control
8AZV_WT_Neu-L7-1,8AZV.pdb,A,21,27,OFU,3.8,fixed,true,WT,BI2865_series,neutral_background,background_control
8AZX_G12C_Neu-L7-1,8AZX.pdb,A,21,27,OFU,3.8,fixed,true,G12C,BI2865_series,neutral_background,background_control
8AZY_G12D_Neu-L7-1,8AZY.pdb,A,21,27,OFU,3.8,fixed,true,G12D,BI2865_series,neutral_background,background_control
8AZZ_G12V_Neu-L7-1,8AZZ.pdb,A,21,27,OFU,3.8,fixed,true,G12V,BI2865_series,neutral_background,background_control
6GJ6_G12D_Neu-L7-2,6GJ6.pdb,A,45,51,EZZ,3.8,fixed,true,G12D,BI2852_related_series,neutral_background,background_control
6GJ8_G12D_Neu-L7-2,6GJ8.pdb,A,45,51,F0K,3.8,fixed,true,G12D,BI2852_related_series,neutral_background,background_control
7RPZ_G12D_Neu-L7-2,7RPZ.pdb,A,45,51,6IC,3.8,fixed,true,G12D,MRTX1133_series,neutral_background,background_control
7RT1_G12D_Neu-L7-2,7RT1.pdb,A,45,51,7L8,3.8,fixed,true,G12D,MRTX1133_series,neutral_background,background_control
7RT4_G12D_Neu-L7-2,7RT4.pdb,A,45,51,7IZ,3.8,fixed,true,G12D,MRTX1133_series,neutral_background,background_control
8AZV_WT_Neu-L7-2,8AZV.pdb,A,45,51,OFU,3.8,fixed,true,WT,BI2865_series,neutral_background,background_control
8AZX_G12C_Neu-L7-2,8AZX.pdb,A,45,51,OFU,3.8,fixed,true,G12C,BI2865_series,neutral_background,background_control
8AZY_G12D_Neu-L7-2,8AZY.pdb,A,45,51,OFU,3.8,fixed,true,G12D,BI2865_series,neutral_background,background_control
8AZZ_G12V_Neu-L7-2,8AZZ.pdb,A,45,51,OFU,3.8,fixed,true,G12V,BI2865_series,neutral_background,background_control
6GJ6_G12D_Neu-L7-3,6GJ6.pdb,A,81,87,EZZ,3.8,fixed,true,G12D,BI2852_related_series,neutral_background,background_control
6GJ8_G12D_Neu-L7-3,6GJ8.pdb,A,81,87,F0K,3.8,fixed,true,G12D,BI2852_related_series,neutral_background,background_control
7RPZ_G12D_Neu-L7-3,7RPZ.pdb,A,81,87,6IC,3.8,fixed,true,G12D,MRTX1133_series,neutral_background,background_control
7RT1_G12D_Neu-L7-3,7RT1.pdb,A,81,87,7L8,3.8,fixed,true,G12D,MRTX1133_series,neutral_background,background_control
7RT4_G12D_Neu-L7-3,7RT4.pdb,A,81,87,7IZ,3.8,fixed,true,G12D,MRTX1133_series,neutral_background,background_control
8AZV_WT_Neu-L7-3,8AZV.pdb,A,81,87,OFU,3.8,fixed,true,WT,BI2865_series,neutral_background,background_control
8AZX_G12C_Neu-L7-3,8AZX.pdb,A,81,87,OFU,3.8,fixed,true,G12C,BI2865_series,neutral_background,background_control
8AZY_G12D_Neu-L7-3,8AZY.pdb,A,81,87,OFU,3.8,fixed,true,G12D,BI2865_series,neutral_background,background_control
8AZZ_G12V_Neu-L7-3,8AZZ.pdb,A,81,87,OFU,3.8,fixed,true,G12V,BI2865_series,neutral_background,background_control
6GJ6_G12D_Neu-L7-4,6GJ6.pdb,A,106,112,EZZ,3.8,fixed,true,G12D,BI2852_related_series,neutral_background,background_control
6GJ8_G12D_Neu-L7-4,6GJ8.pdb,A,106,112,F0K,3.8,fixed,true,G12D,BI2852_related_series,neutral_background,background_control
7RPZ_G12D_Neu-L7-4,7RPZ.pdb,A,106,112,6IC,3.8,fixed,true,G12D,MRTX1133_series,neutral_background,background_control
7RT1_G12D_Neu-L7-4,7RT1.pdb,A,106,112,7L8,3.8,fixed,true,G12D,MRTX1133_series,neutral_background,background_control
7RT4_G12D_Neu-L7-4,7RT4.pdb,A,106,112,7IZ,3.8,fixed,true,G12D,MRTX1133_series,neutral_background,background_control
8AZV_WT_Neu-L7-4,8AZV.pdb,A,106,112,OFU,3.8,fixed,true,WT,BI2865_series,neutral_background,background_control
8AZX_G12C_Neu-L7-4,8AZX.pdb,A,106,112,OFU,3.8,fixed,true,G12C,BI2865_series,neutral_background,background_control
8AZY_G12D_Neu-L7-4,8AZY.pdb,A,106,112,OFU,3.8,fixed,true,G12D,BI2865_series,neutral_background,background_control
8AZZ_G12V_Neu-L7-4,8AZZ.pdb,A,106,112,OFU,3.8,fixed,true,G12V,BI2865_series,neutral_background,background_control
6GJ6_G12D_Neu-L7-5,6GJ6.pdb,A,113,119,EZZ,3.8,fixed,true,G12D,BI2852_related_series,neutral_background,background_control
6GJ8_G12D_Neu-L7-5,6GJ8.pdb,A,113,119,F0K,3.8,fixed,true,G12D,BI2852_related_series,neutral_background,background_control
7RPZ_G12D_Neu-L7-5,7RPZ.pdb,A,113,119,6IC,3.8,fixed,true,G12D,MRTX1133_series,neutral_background,background_control
7RT1_G12D_Neu-L7-5,7RT1.pdb,A,113,119,7L8,3.8,fixed,true,G12D,MRTX1133_series,neutral_background,background_control
7RT4_G12D_Neu-L7-5,7RT4.pdb,A,113,119,7IZ,3.8,fixed,true,G12D,MRTX1133_series,neutral_background,background_control
8AZV_WT_Neu-L7-5,8AZV.pdb,A,113,119,OFU,3.8,fixed,true,WT,BI2865_series,neutral_background,background_control
8AZX_G12C_Neu-L7-5,8AZX.pdb,A,113,119,OFU,3.8,fixed,true,G12C,BI2865_series,neutral_background,background_control
8AZY_G12D_Neu-L7-5,8AZY.pdb,A,113,119,OFU,3.8,fixed,true,G12D,BI2865_series,neutral_background,background_control
8AZZ_G12V_Neu-L7-5,8AZZ.pdb,A,113,119,OFU,3.8,fixed,true,G12V,BI2865_series,neutral_background,background_control
6GJ6_G12D_Neu-L7-6,6GJ6.pdb,A,127,133,EZZ,3.8,fixed,true,G12D,BI2852_related_series,neutral_background,background_control
6GJ8_G12D_Neu-L7-6,6GJ8.pdb,A,127,133,F0K,3.8,fixed,true,G12D,BI2852_related_series,neutral_background,background_control
7RPZ_G12D_Neu-L7-6,7RPZ.pdb,A,127,133,6IC,3.8,fixed,true,G12D,MRTX1133_series,neutral_background,background_control
7RT1_G12D_Neu-L7-6,7RT1.pdb,A,127,133,7L8,3.8,fixed,true,G12D,MRTX1133_series,neutral_background,background_control
7RT4_G12D_Neu-L7-6,7RT4.pdb,A,127,133,7IZ,3.8,fixed,true,G12D,MRTX1133_series,neutral_background,background_control
8AZV_WT_Neu-L7-6,8AZV.pdb,A,127,133,OFU,3.8,fixed,true,WT,BI2865_series,neutral_background,background_control
8AZX_G12C_Neu-L7-6,8AZX.pdb,A,127,133,OFU,3.8,fixed,true,G12C,BI2865_series,neutral_background,background_control
8AZY_G12D_Neu-L7-6,8AZY.pdb,A,127,133,OFU,3.8,fixed,true,G12D,BI2865_series,neutral_background,background_control
8AZZ_G12V_Neu-L7-6,8AZZ.pdb,A,127,133,OFU,3.8,fixed,true,G12V,BI2865_series,neutral_background,background_control
6GJ6_G12D_Neu-L7-7,6GJ6.pdb,A,134,140,EZZ,3.8,fixed,true,G12D,BI2852_related_series,neutral_background,background_control
6GJ8_G12D_Neu-L7-7,6GJ8.pdb,A,134,140,F0K,3.8,fixed,true,G12D,BI2852_related_series,neutral_background,background_control
7RPZ_G12D_Neu-L7-7,7RPZ.pdb,A,134,140,6IC,3.8,fixed,true,G12D,MRTX1133_series,neutral_background,background_control
7RT1_G12D_Neu-L7-7,7RT1.pdb,A,134,140,7L8,3.8,fixed,true,G12D,MRTX1133_series,neutral_background,background_control
7RT4_G12D_Neu-L7-7,7RT4.pdb,A,134,140,7IZ,3.8,fixed,true,G12D,MRTX1133_series,neutral_background,background_control
8AZV_WT_Neu-L7-7,8AZV.pdb,A,134,140,OFU,3.8,fixed,true,WT,BI2865_series,neutral_background,background_control
8AZX_G12C_Neu-L7-7,8AZX.pdb,A,134,140,OFU,3.8,fixed,true,G12C,BI2865_series,neutral_background,background_control
8AZY_G12D_Neu-L7-7,8AZY.pdb,A,134,140,OFU,3.8,fixed,true,G12D,BI2865_series,neutral_background,background_control
8AZZ_G12V_Neu-L7-7,8AZZ.pdb,A,134,140,OFU,3.8,fixed,true,G12V,BI2865_series,neutral_background,background_control
6GJ6_G12D_Neu-L7-8,6GJ6.pdb,A,141,147,EZZ,3.8,fixed,true,G12D,BI2852_related_series,neutral_background,background_control
6GJ8_G12D_Neu-L7-8,6GJ8.pdb,A,141,147,F0K,3.8,fixed,true,G12D,BI2852_related_series,neutral_background,background_control
7RPZ_G12D_Neu-L7-8,7RPZ.pdb,A,141,147,6IC,3.8,fixed,true,G12D,MRTX1133_series,neutral_background,background_control
7RT1_G12D_Neu-L7-8,7RT1.pdb,A,141,147,7L8,3.8,fixed,true,G12D,MRTX1133_series,neutral_background,background_control
7RT4_G12D_Neu-L7-8,7RT4.pdb,A,141,147,7IZ,3.8,fixed,true,G12D,MRTX1133_series,neutral_background,background_control
8AZV_WT_Neu-L7-8,8AZV.pdb,A,141,147,OFU,3.8,fixed,true,WT,BI2865_series,neutral_background,background_control
8AZX_G12C_Neu-L7-8,8AZX.pdb,A,141,147,OFU,3.8,fixed,true,G12C,BI2865_series,neutral_background,background_control
8AZY_G12D_Neu-L7-8,8AZY.pdb,A,141,147,OFU,3.8,fixed,true,G12D,BI2865_series,neutral_background,background_control
8AZZ_G12V_Neu-L7-8,8AZZ.pdb,A,141,147,OFU,3.8,fixed,true,G12V,BI2865_series,neutral_background,background_control
6GJ6_G12D_Neu-L7-9,6GJ6.pdb,A,148,154,EZZ,3.8,fixed,true,G12D,BI2852_related_series,neutral_background,background_control
6GJ8_G12D_Neu-L7-9,6GJ8.pdb,A,148,154,F0K,3.8,fixed,true,G12D,BI2852_related_series,neutral_background,background_control
7RPZ_G12D_Neu-L7-9,7RPZ.pdb,A,148,154,6IC,3.8,fixed,true,G12D,MRTX1133_series,neutral_background,background_control
7RT1_G12D_Neu-L7-9,7RT1.pdb,A,148,154,7L8,3.8,fixed,true,G12D,MRTX1133_series,neutral_background,background_control
7RT4_G12D_Neu-L7-9,7RT4.pdb,A,148,154,7IZ,3.8,fixed,true,G12D,MRTX1133_series,neutral_background,background_control
8AZV_WT_Neu-L7-9,8AZV.pdb,A,148,154,OFU,3.8,fixed,true,WT,BI2865_series,neutral_background,background_control
8AZX_G12C_Neu-L7-9,8AZX.pdb,A,148,154,OFU,3.8,fixed,true,G12C,BI2865_series,neutral_background,background_control
8AZY_G12D_Neu-L7-9,8AZY.pdb,A,148,154,OFU,3.8,fixed,true,G12D,BI2865_series,neutral_background,background_control
8AZZ_G12V_Neu-L7-9,8AZZ.pdb,A,148,154,OFU,3.8,fixed,true,G12V,BI2865_series,neutral_background,background_control
6GJ6_G12D_Neu-L7-10,6GJ6.pdb,A,155,161,EZZ,3.8,fixed,true,G12D,BI2852_related_series,neutral_background,background_control
6GJ8_G12D_Neu-L7-10,6GJ8.pdb,A,155,161,F0K,3.8,fixed,true,G12D,BI2852_related_series,neutral_background,background_control
7RPZ_G12D_Neu-L7-10,7RPZ.pdb,A,155,161,6IC,3.8,fixed,true,G12D,MRTX1133_series,neutral_background,background_control
7RT1_G12D_Neu-L7-10,7RT1.pdb,A,155,161,7L8,3.8,fixed,true,G12D,MRTX1133_series,neutral_background,background_control
7RT4_G12D_Neu-L7-10,7RT4.pdb,A,155,161,7IZ,3.8,fixed,true,G12D,MRTX1133_series,neutral_background,background_control
8AZV_WT_Neu-L7-10,8AZV.pdb,A,155,161,OFU,3.8,fixed,true,WT,BI2865_series,neutral_background,background_control
8AZX_G12C_Neu-L7-10,8AZX.pdb,A,155,161,OFU,3.8,fixed,true,G12C,BI2865_series,neutral_background,background_control
8AZY_G12D_Neu-L7-10,8AZY.pdb,A,155,161,OFU,3.8,fixed,true,G12D,BI2865_series,neutral_background,background_control
8AZZ_G12V_Neu-L7-10,8AZZ.pdb,A,155,161,OFU,3.8,fixed,true,G12V,BI2865_series,neutral_background,background_control
6GJ6_G12D_Neu-L10-1,6GJ6.pdb,A,106,115,EZZ,3.8,fixed,true,G12D,BI2852_related_series,neutral_background,background_control
6GJ8_G12D_Neu-L10-1,6GJ8.pdb,A,106,115,F0K,3.8,fixed,true,G12D,BI2852_related_series,neutral_background,background_control
7RPZ_G12D_Neu-L10-1,7RPZ.pdb,A,106,115,6IC,3.8,fixed,true,G12D,MRTX1133_series,neutral_background,background_control
7RT1_G12D_Neu-L10-1,7RT1.pdb,A,106,115,7L8,3.8,fixed,true,G12D,MRTX1133_series,neutral_background,background_control
7RT4_G12D_Neu-L10-1,7RT4.pdb,A,106,115,7IZ,3.8,fixed,true,G12D,MRTX1133_series,neutral_background,background_control
8AZV_WT_Neu-L10-1,8AZV.pdb,A,106,115,OFU,3.8,fixed,true,WT,BI2865_series,neutral_background,background_control
8AZX_G12C_Neu-L10-1,8AZX.pdb,A,106,115,OFU,3.8,fixed,true,G12C,BI2865_series,neutral_background,background_control
8AZY_G12D_Neu-L10-1,8AZY.pdb,A,106,115,OFU,3.8,fixed,true,G12D,BI2865_series,neutral_background,background_control
8AZZ_G12V_Neu-L10-1,8AZZ.pdb,A,106,115,OFU,3.8,fixed,true,G12V,BI2865_series,neutral_background,background_control
6GJ6_G12D_Neu-L10-2,6GJ6.pdb,A,116,125,EZZ,3.8,fixed,true,G12D,BI2852_related_series,neutral_background,background_control
6GJ8_G12D_Neu-L10-2,6GJ8.pdb,A,116,125,F0K,3.8,fixed,true,G12D,BI2852_related_series,neutral_background,background_control
7RPZ_G12D_Neu-L10-2,7RPZ.pdb,A,116,125,6IC,3.8,fixed,true,G12D,MRTX1133_series,neutral_background,background_control
7RT1_G12D_Neu-L10-2,7RT1.pdb,A,116,125,7L8,3.8,fixed,true,G12D,MRTX1133_series,neutral_background,background_control
7RT4_G12D_Neu-L10-2,7RT4.pdb,A,116,125,7IZ,3.8,fixed,true,G12D,MRTX1133_series,neutral_background,background_control
8AZV_WT_Neu-L10-2,8AZV.pdb,A,116,125,OFU,3.8,fixed,true,WT,BI2865_series,neutral_background,background_control
8AZX_G12C_Neu-L10-2,8AZX.pdb,A,116,125,OFU,3.8,fixed,true,G12C,BI2865_series,neutral_background,background_control
8AZY_G12D_Neu-L10-2,8AZY.pdb,A,116,125,OFU,3.8,fixed,true,G12D,BI2865_series,neutral_background,background_control
8AZZ_G12V_Neu-L10-2,8AZZ.pdb,A,116,125,OFU,3.8,fixed,true,G12V,BI2865_series,neutral_background,background_control
6GJ6_G12D_Neu-L10-3,6GJ6.pdb,A,126,135,EZZ,3.8,fixed,true,G12D,BI2852_related_series,neutral_background,background_control
6GJ8_G12D_Neu-L10-3,6GJ8.pdb,A,126,135,F0K,3.8,fixed,true,G12D,BI2852_related_series,neutral_background,background_control
7RPZ_G12D_Neu-L10-3,7RPZ.pdb,A,126,135,6IC,3.8,fixed,true,G12D,MRTX1133_series,neutral_background,background_control
7RT1_G12D_Neu-L10-3,7RT1.pdb,A,126,135,7L8,3.8,fixed,true,G12D,MRTX1133_series,neutral_background,background_control
7RT4_G12D_Neu-L10-3,7RT4.pdb,A,126,135,7IZ,3.8,fixed,true,G12D,MRTX1133_series,neutral_background,background_control
8AZV_WT_Neu-L10-3,8AZV.pdb,A,126,135,OFU,3.8,fixed,true,WT,BI2865_series,neutral_background,background_control
8AZX_G12C_Neu-L10-3,8AZX.pdb,A,126,135,OFU,3.8,fixed,true,G12C,BI2865_series,neutral_background,background_control
8AZY_G12D_Neu-L10-3,8AZY.pdb,A,126,135,OFU,3.8,fixed,true,G12D,BI2865_series,neutral_background,background_control
8AZZ_G12V_Neu-L10-3,8AZZ.pdb,A,126,135,OFU,3.8,fixed,true,G12V,BI2865_series,neutral_background,background_control
6GJ6_G12D_Neu-L10-4,6GJ6.pdb,A,136,145,EZZ,3.8,fixed,true,G12D,BI2852_related_series,neutral_background,background_control
6GJ8_G12D_Neu-L10-4,6GJ8.pdb,A,136,145,F0K,3.8,fixed,true,G12D,BI2852_related_series,neutral_background,background_control
7RPZ_G12D_Neu-L10-4,7RPZ.pdb,A,136,145,6IC,3.8,fixed,true,G12D,MRTX1133_series,neutral_background,background_control
7RT1_G12D_Neu-L10-4,7RT1.pdb,A,136,145,7L8,3.8,fixed,true,G12D,MRTX1133_series,neutral_background,background_control
7RT4_G12D_Neu-L10-4,7RT4.pdb,A,136,145,7IZ,3.8,fixed,true,G12D,MRTX1133_series,neutral_background,background_control
8AZV_WT_Neu-L10-4,8AZV.pdb,A,136,145,OFU,3.8,fixed,true,WT,BI2865_series,neutral_background,background_control
8AZX_G12C_Neu-L10-4,8AZX.pdb,A,136,145,OFU,3.8,fixed,true,G12C,BI2865_series,neutral_background,background_control
8AZY_G12D_Neu-L10-4,8AZY.pdb,A,136,145,OFU,3.8,fixed,true,G12D,BI2865_series,neutral_background,background_control
8AZZ_G12V_Neu-L10-4,8AZZ.pdb,A,136,145,OFU,3.8,fixed,true,G12V,BI2865_series,neutral_background,background_control
6GJ6_G12D_Neu-L10-5,6GJ6.pdb,A,146,155,EZZ,3.8,fixed,true,G12D,BI2852_related_series,neutral_background,background_control
6GJ8_G12D_Neu-L10-5,6GJ8.pdb,A,146,155,F0K,3.8,fixed,true,G12D,BI2852_related_series,neutral_background,background_control
7RPZ_G12D_Neu-L10-5,7RPZ.pdb,A,146,155,6IC,3.8,fixed,true,G12D,MRTX1133_series,neutral_background,background_control
7RT1_G12D_Neu-L10-5,7RT1.pdb,A,146,155,7L8,3.8,fixed,true,G12D,MRTX1133_series,neutral_background,background_control
7RT4_G12D_Neu-L10-5,7RT4.pdb,A,146,155,7IZ,3.8,fixed,true,G12D,MRTX1133_series,neutral_background,background_control
8AZV_WT_Neu-L10-5,8AZV.pdb,A,146,155,OFU,3.8,fixed,true,WT,BI2865_series,neutral_background,background_control
8AZX_G12C_Neu-L10-5,8AZX.pdb,A,146,155,OFU,3.8,fixed,true,G12C,BI2865_series,neutral_background,background_control
8AZY_G12D_Neu-L10-5,8AZY.pdb,A,146,155,OFU,3.8,fixed,true,G12D,BI2865_series,neutral_background,background_control
8AZZ_G12V_Neu-L10-5,8AZZ.pdb,A,146,155,OFU,3.8,fixed,true,G12V,BI2865_series,neutral_background,background_control
6GJ6_G12D_Neu-L10-6,6GJ6.pdb,A,156,165,EZZ,3.8,fixed,true,G12D,BI2852_related_series,neutral_background,background_control
6GJ8_G12D_Neu-L10-6,6GJ8.pdb,A,156,165,F0K,3.8,fixed,true,G12D,BI2852_related_series,neutral_background,background_control
7RPZ_G12D_Neu-L10-6,7RPZ.pdb,A,156,165,6IC,3.8,fixed,true,G12D,MRTX1133_series,neutral_background,background_control
7RT1_G12D_Neu-L10-6,7RT1.pdb,A,156,165,7L8,3.8,fixed,true,G12D,MRTX1133_series,neutral_background,background_control
7RT4_G12D_Neu-L10-6,7RT4.pdb,A,156,165,7IZ,3.8,fixed,true,G12D,MRTX1133_series,neutral_background,background_control
8AZV_WT_Neu-L10-6,8AZV.pdb,A,156,165,OFU,3.8,fixed,true,WT,BI2865_series,neutral_background,background_control
8AZX_G12C_Neu-L10-6,8AZX.pdb,A,156,165,OFU,3.8,fixed,true,G12C,BI2865_series,neutral_background,background_control
8AZY_G12D_Neu-L10-6,8AZY.pdb,A,156,165,OFU,3.8,fixed,true,G12D,BI2865_series,neutral_background,background_control
8AZZ_G12V_Neu-L10-6,8AZZ.pdb,A,156,165,OFU,3.8,fixed,true,G12V,BI2865_series,neutral_background,background_control
6GJ6_G12D_Neu-L12-1,6GJ6.pdb,A,106,117,EZZ,3.8,fixed,true,G12D,BI2852_related_series,neutral_background,background_control
6GJ8_G12D_Neu-L12-1,6GJ8.pdb,A,106,117,F0K,3.8,fixed,true,G12D,BI2852_related_series,neutral_background,background_control
7RPZ_G12D_Neu-L12-1,7RPZ.pdb,A,106,117,6IC,3.8,fixed,true,G12D,MRTX1133_series,neutral_background,background_control
7RT1_G12D_Neu-L12-1,7RT1.pdb,A,106,117,7L8,3.8,fixed,true,G12D,MRTX1133_series,neutral_background,background_control
7RT4_G12D_Neu-L12-1,7RT4.pdb,A,106,117,7IZ,3.8,fixed,true,G12D,MRTX1133_series,neutral_background,background_control
8AZV_WT_Neu-L12-1,8AZV.pdb,A,106,117,OFU,3.8,fixed,true,WT,BI2865_series,neutral_background,background_control
8AZX_G12C_Neu-L12-1,8AZX.pdb,A,106,117,OFU,3.8,fixed,true,G12C,BI2865_series,neutral_background,background_control
8AZY_G12D_Neu-L12-1,8AZY.pdb,A,106,117,OFU,3.8,fixed,true,G12D,BI2865_series,neutral_background,background_control
8AZZ_G12V_Neu-L12-1,8AZZ.pdb,A,106,117,OFU,3.8,fixed,true,G12V,BI2865_series,neutral_background,background_control
6GJ6_G12D_Neu-L12-2,6GJ6.pdb,A,118,129,EZZ,3.8,fixed,true,G12D,BI2852_related_series,neutral_background,background_control
6GJ8_G12D_Neu-L12-2,6GJ8.pdb,A,118,129,F0K,3.8,fixed,true,G12D,BI2852_related_series,neutral_background,background_control
7RPZ_G12D_Neu-L12-2,7RPZ.pdb,A,118,129,6IC,3.8,fixed,true,G12D,MRTX1133_series,neutral_background,background_control
7RT1_G12D_Neu-L12-2,7RT1.pdb,A,118,129,7L8,3.8,fixed,true,G12D,MRTX1133_series,neutral_background,background_control
7RT4_G12D_Neu-L12-2,7RT4.pdb,A,118,129,7IZ,3.8,fixed,true,G12D,MRTX1133_series,neutral_background,background_control
8AZV_WT_Neu-L12-2,8AZV.pdb,A,118,129,OFU,3.8,fixed,true,WT,BI2865_series,neutral_background,background_control
8AZX_G12C_Neu-L12-2,8AZX.pdb,A,118,129,OFU,3.8,fixed,true,G12C,BI2865_series,neutral_background,background_control
8AZY_G12D_Neu-L12-2,8AZY.pdb,A,118,129,OFU,3.8,fixed,true,G12D,BI2865_series,neutral_background,background_control
8AZZ_G12V_Neu-L12-2,8AZZ.pdb,A,118,129,OFU,3.8,fixed,true,G12V,BI2865_series,neutral_background,background_control
6GJ6_G12D_Neu-L12-3,6GJ6.pdb,A,130,141,EZZ,3.8,fixed,true,G12D,BI2852_related_series,neutral_background,background_control
6GJ8_G12D_Neu-L12-3,6GJ8.pdb,A,130,141,F0K,3.8,fixed,true,G12D,BI2852_related_series,neutral_background,background_control
7RPZ_G12D_Neu-L12-3,7RPZ.pdb,A,130,141,6IC,3.8,fixed,true,G12D,MRTX1133_series,neutral_background,background_control
7RT1_G12D_Neu-L12-3,7RT1.pdb,A,130,141,7L8,3.8,fixed,true,G12D,MRTX1133_series,neutral_background,background_control
7RT4_G12D_Neu-L12-3,7RT4.pdb,A,130,141,7IZ,3.8,fixed,true,G12D,MRTX1133_series,neutral_background,background_control
8AZV_WT_Neu-L12-3,8AZV.pdb,A,130,141,OFU,3.8,fixed,true,WT,BI2865_series,neutral_background,background_control
8AZX_G12C_Neu-L12-3,8AZX.pdb,A,130,141,OFU,3.8,fixed,true,G12C,BI2865_series,neutral_background,background_control
8AZY_G12D_Neu-L12-3,8AZY.pdb,A,130,141,OFU,3.8,fixed,true,G12D,BI2865_series,neutral_background,background_control
8AZZ_G12V_Neu-L12-3,8AZZ.pdb,A,130,141,OFU,3.8,fixed,true,G12V,BI2865_series,neutral_background,background_control
6GJ6_G12D_Neu-L12-4,6GJ6.pdb,A,142,153,EZZ,3.8,fixed,true,G12D,BI2852_related_series,neutral_background,background_control
6GJ8_G12D_Neu-L12-4,6GJ8.pdb,A,142,153,F0K,3.8,fixed,true,G12D,BI2852_related_series,neutral_background,background_control
7RPZ_G12D_Neu-L12-4,7RPZ.pdb,A,142,153,6IC,3.8,fixed,true,G12D,MRTX1133_series,neutral_background,background_control
7RT1_G12D_Neu-L12-4,7RT1.pdb,A,142,153,7L8,3.8,fixed,true,G12D,MRTX1133_series,neutral_background,background_control
7RT4_G12D_Neu-L12-4,7RT4.pdb,A,142,153,7IZ,3.8,fixed,true,G12D,MRTX1133_series,neutral_background,background_control
8AZV_WT_Neu-L12-4,8AZV.pdb,A,142,153,OFU,3.8,fixed,true,WT,BI2865_series,neutral_background,background_control
8AZX_G12C_Neu-L12-4,8AZX.pdb,A,142,153,OFU,3.8,fixed,true,G12C,BI2865_series,neutral_background,background_control
8AZY_G12D_Neu-L12-4,8AZY.pdb,A,142,153,OFU,3.8,fixed,true,G12D,BI2865_series,neutral_background,background_control
8AZZ_G12V_Neu-L12-4,8AZZ.pdb,A,142,153,OFU,3.8,fixed,true,G12V,BI2865_series,neutral_background,background_control
6GJ6_G12D_Neu-L12-5,6GJ6.pdb,A,154,165,EZZ,3.8,fixed,true,G12D,BI2852_related_series,neutral_background,background_control
6GJ8_G12D_Neu-L12-5,6GJ8.pdb,A,154,165,F0K,3.8,fixed,true,G12D,BI2852_related_series,neutral_background,background_control
7RPZ_G12D_Neu-L12-5,7RPZ.pdb,A,154,165,6IC,3.8,fixed,true,G12D,MRTX1133_series,neutral_background,background_control
7RT1_G12D_Neu-L12-5,7RT1.pdb,A,154,165,7L8,3.8,fixed,true,G12D,MRTX1133_series,neutral_background,background_control
7RT4_G12D_Neu-L12-5,7RT4.pdb,A,154,165,7IZ,3.8,fixed,true,G12D,MRTX1133_series,neutral_background,background_control
8AZV_WT_Neu-L12-5,8AZV.pdb,A,154,165,OFU,3.8,fixed,true,WT,BI2865_series,neutral_background,background_control
8AZX_G12C_Neu-L12-5,8AZX.pdb,A,154,165,OFU,3.8,fixed,true,G12C,BI2865_series,neutral_background,background_control
8AZY_G12D_Neu-L12-5,8AZY.pdb,A,154,165,OFU,3.8,fixed,true,G12D,BI2865_series,neutral_background,background_control
8AZZ_G12V_Neu-L12-5,8AZZ.pdb,A,154,165,OFU,3.8,fixed,true,G12V,BI2865_series,neutral_background,background_control
6GJ6_G12D_Neu-L15-1,6GJ6.pdb,A,106,120,EZZ,3.8,fixed,true,G12D,BI2852_related_series,neutral_background,background_control
6GJ8_G12D_Neu-L15-1,6GJ8.pdb,A,106,120,F0K,3.8,fixed,true,G12D,BI2852_related_series,neutral_background,background_control
7RPZ_G12D_Neu-L15-1,7RPZ.pdb,A,106,120,6IC,3.8,fixed,true,G12D,MRTX1133_series,neutral_background,background_control
7RT1_G12D_Neu-L15-1,7RT1.pdb,A,106,120,7L8,3.8,fixed,true,G12D,MRTX1133_series,neutral_background,background_control
7RT4_G12D_Neu-L15-1,7RT4.pdb,A,106,120,7IZ,3.8,fixed,true,G12D,MRTX1133_series,neutral_background,background_control
8AZV_WT_Neu-L15-1,8AZV.pdb,A,106,120,OFU,3.8,fixed,true,WT,BI2865_series,neutral_background,background_control
8AZX_G12C_Neu-L15-1,8AZX.pdb,A,106,120,OFU,3.8,fixed,true,G12C,BI2865_series,neutral_background,background_control
8AZY_G12D_Neu-L15-1,8AZY.pdb,A,106,120,OFU,3.8,fixed,true,G12D,BI2865_series,neutral_background,background_control
8AZZ_G12V_Neu-L15-1,8AZZ.pdb,A,106,120,OFU,3.8,fixed,true,G12V,BI2865_series,neutral_background,background_control
6GJ6_G12D_Neu-L15-2,6GJ6.pdb,A,121,135,EZZ,3.8,fixed,true,G12D,BI2852_related_series,neutral_background,background_control
6GJ8_G12D_Neu-L15-2,6GJ8.pdb,A,121,135,F0K,3.8,fixed,true,G12D,BI2852_related_series,neutral_background,background_control
7RPZ_G12D_Neu-L15-2,7RPZ.pdb,A,121,135,6IC,3.8,fixed,true,G12D,MRTX1133_series,neutral_background,background_control
7RT1_G12D_Neu-L15-2,7RT1.pdb,A,121,135,7L8,3.8,fixed,true,G12D,MRTX1133_series,neutral_background,background_control
7RT4_G12D_Neu-L15-2,7RT4.pdb,A,121,135,7IZ,3.8,fixed,true,G12D,MRTX1133_series,neutral_background,background_control
8AZV_WT_Neu-L15-2,8AZV.pdb,A,121,135,OFU,3.8,fixed,true,WT,BI2865_series,neutral_background,background_control
8AZX_G12C_Neu-L15-2,8AZX.pdb,A,121,135,OFU,3.8,fixed,true,G12C,BI2865_series,neutral_background,background_control
8AZY_G12D_Neu-L15-2,8AZY.pdb,A,121,135,OFU,3.8,fixed,true,G12D,BI2865_series,neutral_background,background_control
8AZZ_G12V_Neu-L15-2,8AZZ.pdb,A,121,135,OFU,3.8,fixed,true,G12V,BI2865_series,neutral_background,background_control
6GJ6_G12D_Neu-L15-3,6GJ6.pdb,A,136,150,EZZ,3.8,fixed,true,G12D,BI2852_related_series,neutral_background,background_control
6GJ8_G12D_Neu-L15-3,6GJ8.pdb,A,136,150,F0K,3.8,fixed,true,G12D,BI2852_related_series,neutral_background,background_control
7RPZ_G12D_Neu-L15-3,7RPZ.pdb,A,136,150,6IC,3.8,fixed,true,G12D,MRTX1133_series,neutral_background,background_control
7RT1_G12D_Neu-L15-3,7RT1.pdb,A,136,150,7L8,3.8,fixed,true,G12D,MRTX1133_series,neutral_background,background_control
7RT4_G12D_Neu-L15-3,7RT4.pdb,A,136,150,7IZ,3.8,fixed,true,G12D,MRTX1133_series,neutral_background,background_control
8AZV_WT_Neu-L15-3,8AZV.pdb,A,136,150,OFU,3.8,fixed,true,WT,BI2865_series,neutral_background,background_control
8AZX_G12C_Neu-L15-3,8AZX.pdb,A,136,150,OFU,3.8,fixed,true,G12C,BI2865_series,neutral_background,background_control
8AZY_G12D_Neu-L15-3,8AZY.pdb,A,136,150,OFU,3.8,fixed,true,G12D,BI2865_series,neutral_background,background_control
8AZZ_G12V_Neu-L15-3,8AZZ.pdb,A,136,150,OFU,3.8,fixed,true,G12V,BI2865_series,neutral_background,background_control
6GJ6_G12D_Neu-L15-4,6GJ6.pdb,A,151,165,EZZ,3.8,fixed,true,G12D,BI2852_related_series,neutral_background,background_control
6GJ8_G12D_Neu-L15-4,6GJ8.pdb,A,151,165,F0K,3.8,fixed,true,G12D,BI2852_related_series,neutral_background,background_control
7RPZ_G12D_Neu-L15-4,7RPZ.pdb,A,151,165,6IC,3.8,fixed,true,G12D,MRTX1133_series,neutral_background,background_control
7RT1_G12D_Neu-L15-4,7RT1.pdb,A,151,165,7L8,3.8,fixed,true,G12D,MRTX1133_series,neutral_background,background_control
7RT4_G12D_Neu-L15-4,7RT4.pdb,A,151,165,7IZ,3.8,fixed,true,G12D,MRTX1133_series,neutral_background,background_control
8AZV_WT_Neu-L15-4,8AZV.pdb,A,151,165,OFU,3.8,fixed,true,WT,BI2865_series,neutral_background,background_control
8AZX_G12C_Neu-L15-4,8AZX.pdb,A,151,165,OFU,3.8,fixed,true,G12C,BI2865_series,neutral_background,background_control
8AZY_G12D_Neu-L15-4,8AZY.pdb,A,151,165,OFU,3.8,fixed,true,G12D,BI2865_series,neutral_background,background_control
8AZZ_G12V_Neu-L15-4,8AZZ.pdb,A,151,165,OFU,3.8,fixed,true,G12V,BI2865_series,neutral_background,background_control
