index	arm	task_id	repeat	n_residues	n_proposals
1	P	7RPZ_G12D_Frag-A	0	10	507904
2	P	7RPZ_G12D_Frag-A	1	10	507904
3	P	7RPZ_G12D_Frag-A	2	10	507904
4	P	7RPZ_G12D_Frag-B	0	15	2007040
5	P	7RPZ_G12D_Frag-B	1	15	2007040
6	P	7RPZ_G12D_Frag-B	2	15	2007040
7	P	7RPZ_G12D_Frag-C	0	12	1007616
8	P	7RPZ_G12D_Frag-C	1	12	1007616
9	P	7RPZ_G12D_Frag-C	2	12	1007616
10	P	7RPZ_G12D_Frag-F	0	10	507904
11	P	7RPZ_G12D_Frag-F	1	10	507904
12	P	7RPZ_G12D_Frag-F	2	10	507904
13	P	7RT1_G12D_Frag-A	0	10	507904
14	P	7RT1_G12D_Frag-A	1	10	507904
15	P	7RT1_G12D_Frag-A	2	10	507904
16	P	7RT1_G12D_Frag-B	0	15	2007040
17	P	7RT1_G12D_Frag-B	1	15	2007040
18	P	7RT1_G12D_Frag-B	2	15	2007040
19	P	7RT1_G12D_Frag-C	0	12	1007616
20	P	7RT1_G12D_Frag-C	1	12	1007616
21	P	7RT1_G12D_Frag-C	2	12	1007616
22	P	7RT1_G12D_Frag-F	0	10	507904
23	P	7RT1_G12D_Frag-F	1	10	507904
24	P	7RT1_G12D_Frag-F	2	10	507904
25	P	7RT4_G12D_Frag-A	0	10	507904
26	P	7RT4_G12D_Frag-A	1	10	507904
27	P	7RT4_G12D_Frag-A	2	10	507904
28	P	7RT4_G12D_Frag-B	0	15	2007040
29	P	7RT4_G12D_Frag-B	1	15	2007040
30	P	7RT4_G12D_Frag-B	2	15	2007040
31	P	7RT4_G12D_Frag-C	0	12	1007616
32	P	7RT4_G12D_Frag-C	1	12	1007616
33	P	7RT4_G12D_Frag-C	2	12	1007616
34	P	7RT4_G12D_Frag-F	0	10	507904
35	P	7RT4_G12D_Frag-F	1	10	507904
36	P	7RT4_G12D_Frag-F	2	10	507904
37	P	8AZV_WT_Frag-A	0	10	507904
38	P	8AZV_WT_Frag-A	1	10	507904
39	P	8AZV_WT_Frag-A	2	10	507904
40	P	8AZV_WT_Frag-B	0	15	2007040
41	P	8AZV_WT_Frag-B	1	15	2007040
42	P	8AZV_WT_Frag-B	2	15	2007040
43	P	8AZV_WT_Frag-C	0	12	1007616
44	P	8AZV_WT_Frag-C	1	12	1007616
45	P	8AZV_WT_Frag-C	2	12	1007616
46	P	8AZV_WT_Frag-F	0	10	507904
47	P	8AZV_WT_Frag-F	1	10	507904
48	P	8AZV_WT_Frag-F	2	10	507904
49	P	8AZX_G12C_Frag-A	0	10	507904
50	P	8AZX_G12C_Frag-A	1	10	507904
51	P	8AZX_G12C_Frag-A	2	10	507904
52	P	8AZX_G12C_Frag-B	0	15	2007040
53	P	8AZX_G12C_Frag-B	1	15	2007040
54	P	8AZX_G12C_Frag-B	2	15	2007040
55	P	8AZX_G12C_Frag-C	0	12	1007616
56	P	8AZX_G12C_Frag-C	1	12	1007616
57	P	8AZX_G12C_Frag-C	2	12	1007616
58	P	8AZX_G12C_Frag-F	0	10	507904
59	P	8AZX_G12C_Frag-F	1	10	507904
60	P	8AZX_G12C_Frag-F	2	10	507904
61	P	8AZY_G12D_Frag-A	0	10	507904
62	P	8AZY_G12D_Frag-A	1	10	507904
63	P	8AZY_G12D_Frag-A	2	10	507904
64	P	8AZY_G12D_Frag-B	0	15	2007040
65	P	8AZY_G12D_Frag-B	1	15	2007040
66	P	8AZY_G12D_Frag-B	2	15	2007040
67	P	8AZY_G12D_Frag-C	0	12	1007616
68	P	8AZY_G12D_Frag-C	1	12	1007616
69	P	8AZY_G12D_Frag-C	2	12	1007616
70	P	8AZY_G12D_Frag-F	0	10	507904
71	P	8AZY_G12D_Frag-F	1	10	507904
72	P	8AZY_G12D_Frag-F	2	10	507904
73	P	8AZZ_G12V_Frag-A	0	10	507904
74	P	8AZZ_G12V_Frag-A	1	10	507904
75	P	8AZZ_G12V_Frag-A	2	10	507904
76	P	8AZZ_G12V_Frag-B	0	15	2007040
77	P	8AZZ_G12V_Frag-B	1	15	2007040
78	P	8AZZ_G12V_Frag-B	2	15	2007040
79	P	8AZZ_G12V_Frag-C	0	12	1007616
80	P	8AZZ_G12V_Frag-C	1	12	1007616
81	P	8AZZ_G12V_Frag-C	2	12	1007616
82	P	8AZZ_G12V_Frag-F	0	10	507904
83	P	8AZZ_G12V_Frag-F	1	10	507904
84	P	8AZZ_G12V_Frag-F	2	10	507904
85	P	6GJ6_G12D_Frag-D	0	7	303104
86	P	6GJ6_G12D_Frag-D	1	7	303104
87	P	6GJ6_G12D_Frag-D	2	7	303104
88	P	6GJ6_G12D_Frag-E	0	7	303104
89	P	6GJ6_G12D_Frag-E	1	7	303104
90	P	6GJ6_G12D_Frag-E	2	7	303104
91	P	6GJ6_G12D_Frag-F	0	10	507904
92	P	6GJ6_G12D_Frag-F	1	10	507904
93	P	6GJ6_G12D_Frag-F	2	10	507904
94	P	6GJ6_G12D_Frag-B	0	15	2007040
95	P	6GJ6_G12D_Frag-B	1	15	2007040
96	P	6GJ6_G12D_Frag-B	2	15	2007040
97	P	6GJ8_G12D_Frag-D	0	7	303104
98	P	6GJ8_G12D_Frag-D	1	7	303104
99	P	6GJ8_G12D_Frag-D	2	7	303104
100	P	6GJ8_G12D_Frag-E	0	7	303104
101	P	6GJ8_G12D_Frag-E	1	7	303104
102	P	6GJ8_G12D_Frag-E	2	7	303104
103	P	6GJ8_G12D_Frag-F	0	10	507904
104	P	6GJ8_G12D_Frag-F	1	10	507904
105	P	6GJ8_G12D_Frag-F	2	10	507904
106	P	6GJ8_G12D_Frag-B	0	15	2007040
107	P	6GJ8_G12D_Frag-B	1	15	2007040
108	P	6GJ8_G12D_Frag-B	2	15	2007040
109	M	7RPZ_G12D_Frag-A	0	10	507904
110	M	7RPZ_G12D_Frag-A	1	10	507904
111	M	7RPZ_G12D_Frag-A	2	10	507904
112	M	7RPZ_G12D_Frag-B	0	15	2007040
113	M	7RPZ_G12D_Frag-B	1	15	2007040
114	M	7RPZ_G12D_Frag-B	2	15	2007040
115	M	7RPZ_G12D_Frag-C	0	12	1007616
116	M	7RPZ_G12D_Frag-C	1	12	1007616
117	M	7RPZ_G12D_Frag-C	2	12	1007616
118	M	7RPZ_G12D_Frag-F	0	10	507904
119	M	7RPZ_G12D_Frag-F	1	10	507904
120	M	7RPZ_G12D_Frag-F	2	10	507904
121	M	7RT1_G12D_Frag-A	0	10	507904
122	M	7RT1_G12D_Frag-A	1	10	507904
123	M	7RT1_G12D_Frag-A	2	10	507904
124	M	7RT1_G12D_Frag-B	0	15	2007040
125	M	7RT1_G12D_Frag-B	1	15	2007040
126	M	7RT1_G12D_Frag-B	2	15	2007040
127	M	7RT1_G12D_Frag-C	0	12	1007616
128	M	7RT1_G12D_Frag-C	1	12	1007616
129	M	7RT1_G12D_Frag-C	2	12	1007616
130	M	7RT1_G12D_Frag-F	0	10	507904
131	M	7RT1_G12D_Frag-F	1	10	507904
132	M	7RT1_G12D_Frag-F	2	10	507904
133	M	7RT4_G12D_Frag-A	0	10	507904
134	M	7RT4_G12D_Frag-A	1	10	507904
135	M	7RT4_G12D_Frag-A	2	10	507904
136	M	7RT4_G12D_Frag-B	0	15	2007040
137	M	7RT4_G12D_Frag-B	1	15	2007040
138	M	7RT4_G12D_Frag-B	2	15	2007040
139	M	7RT4_G12D_Frag-C	0	12	1007616
140	M	7RT4_G12D_Frag-C	1	12	1007616
141	M	7RT4_G12D_Frag-C	2	12	1007616
142	M	7RT4_G12D_Frag-F	0	10	507904
143	M	7RT4_G12D_Frag-F	1	10	507904
144	M	7RT4_G12D_Frag-F	2	10	507904
145	M	8AZV_WT_Frag-A	0	10	507904
146	M	8AZV_WT_Frag-A	1	10	507904
147	M	8AZV_WT_Frag-A	2	10	507904
148	M	8AZV_WT_Frag-B	0	15	2007040
149	M	8AZV_WT_Frag-B	1	15	2007040
150	M	8AZV_WT_Frag-B	2	15	2007040
151	M	8AZV_WT_Frag-C	0	12	1007616
152	M	8AZV_WT_Frag-C	1	12	1007616
153	M	8AZV_WT_Frag-C	2	12	1007616
154	M	8AZV_WT_Frag-F	0	10	507904
155	M	8AZV_WT_Frag-F	1	10	507904
156	M	8AZV_WT_Frag-F	2	10	507904
157	M	8AZX_G12C_Frag-A	0	10	507904
158	M	8AZX_G12C_Frag-A	1	10	507904
159	M	8AZX_G12C_Frag-A	2	10	507904
160	M	8AZX_G12C_Frag-B	0	15	2007040
161	M	8AZX_G12C_Frag-B	1	15	2007040
162	M	8AZX_G12C_Frag-B	2	15	2007040
163	M	8AZX_G12C_Frag-C	0	12	1007616
164	M	8AZX_G12C_Frag-C	1	12	1007616
165	M	8AZX_G12C_Frag-C	2	12	1007616
166	M	8AZX_G12C_Frag-F	0	10	507904
167	M	8AZX_G12C_Frag-F	1	10	507904
168	M	8AZX_G12C_Frag-F	2	10	507904
169	M	8AZY_G12D_Frag-A	0	10	507904
170	M	8AZY_G12D_Frag-A	1	10	507904
171	M	8AZY_G12D_Frag-A	2	10	507904
172	M	8AZY_G12D_Frag-B	0	15	2007040
173	M	8AZY_G12D_Frag-B	1	15	2007040
174	M	8AZY_G12D_Frag-B	2	15	2007040
175	M	8AZY_G12D_Frag-C	0	12	1007616
176	M	8AZY_G12D_Frag-C	1	12	1007616
177	M	8AZY_G12D_Frag-C	2	12	1007616
178	M	8AZY_G12D_Frag-F	0	10	507904
179	M	8AZY_G12D_Frag-F	1	10	507904
180	M	8AZY_G12D_Frag-F	2	10	507904
181	M	8AZZ_G12V_Frag-A	0	10	507904
182	M	8AZZ_G12V_Frag-A	1	10	507904
183	M	8AZZ_G12V_Frag-A	2	10	507904
184	M	8AZZ_G12V_Frag-B	0	15	2007040
185	M	8AZZ_G12V_Frag-B	1	15	2007040
186	M	8AZZ_G12V_Frag-B	2	15	2007040
187	M	8AZZ_G12V_Frag-C	0	12	1007616
188	M	8AZZ_G12V_Frag-C	1	12	1007616
189	M	8AZZ_G12V_Frag-C	2	12	1007616
190	M	8AZZ_G12V_Frag-F	0	10	507904
191	M	8AZZ_G12V_Frag-F	1	10	507904
192	M	8AZZ_G12V_Frag-F	2	10	507904
193	M	6GJ6_G12D_Frag-D	0	7	303104
194	M	6GJ6_G12D_Frag-D	1	7	303104
195	M	6GJ6_G12D_Frag-D	2	7	303104
196	M	6GJ6_G12D_Frag-E	0	7	303104
197	M	6GJ6_G12D_Frag-E	1	7	303104
198	M	6GJ6_G12D_Frag-E	2	7	303104
199	M	6GJ6_G12D_Frag-F	0	10	507904
200	M	6GJ6_G12D_Frag-F	1	10	507904
201	M	6GJ6_G12D_Frag-F	2	10	507904
202	M	6GJ6_G12D_Frag-B	0	15	2007040
203	M	6GJ6_G12D_Frag-B	1	15	2007040
204	M	6GJ6_G12D_Frag-B	2	15	2007040
205	M	6GJ8_G12D_Frag-D	0	7	303104
206	M	6GJ8_G12D_Frag-D	1	7	303104
207	M	6GJ8_G12D_Frag-D	2	7	303104
208	M	6GJ8_G12D_Frag-E	0	7	303104
209	M	6GJ8_G12D_Frag-E	1	7	303104
210	M	6GJ8_G12D_Frag-E	2	7	303104
211	M	6GJ8_G12D_Frag-F	0	10	507904
212	M	6GJ8_G12D_Frag-F	1	10	507904
213	M	6GJ8_G12D_Frag-F	2	10	507904
214	M	6GJ8_G12D_Frag-B	0	15	2007040
215	M	6GJ8_G12D_Frag-B	1	15	2007040
216	M	6GJ8_G12D_Frag-B	2	15	2007040
