index	arm	task_id	repeat	candidates_bytes
1	Q	7RPZ_G12D_Frag-B	0	26737288
2	Q	7RT1_G12D_Frag-B	0	26385667
3	Q	6GJ6_G12D_Frag-B	0	26244150
4	Q	7RT4_G12D_Frag-B	0	25569405
5	Q	8AZX_G12C_Frag-B	0	25140347
6	Q	8AZV_WT_Frag-B	0	24996603
7	Q	8AZZ_G12V_Frag-B	0	24935031
8	Q	8AZY_G12D_Frag-B	0	24902260
9	Q	6GJ8_G12D_Frag-B	0	23676627
10	Q	7RT4_G12D_Frag-C	0	15655514
11	Q	7RPZ_G12D_Frag-C	0	14557228
12	Q	7RT1_G12D_Frag-C	0	14473158
13	Q	8AZZ_G12V_Frag-C	0	14380826
14	Q	8AZX_G12C_Frag-C	0	14365096
15	Q	8AZY_G12D_Frag-C	0	14283820
16	Q	8AZV_WT_Frag-C	0	14270196
17	Q	7RT1_G12D_Frag-F	0	9295252
18	Q	8AZV_WT_Frag-F	0	9010191
19	Q	8AZY_G12D_Frag-F	0	8992783
20	Q	8AZX_G12C_Frag-F	0	8921618
21	Q	6GJ6_G12D_Frag-F	0	8916607
22	Q	8AZZ_G12V_Frag-F	0	8911173
23	Q	7RPZ_G12D_Frag-F	0	8902884
24	Q	7RT4_G12D_Frag-F	0	8858193
25	Q	6GJ8_G12D_Frag-F	0	8493012
26	P	6GJ8_G12D_Frag-B	2	6465576
27	P	8AZY_G12D_Frag-B	2	6452643
28	P	8AZV_WT_Frag-B	1	6445875
29	P	8AZY_G12D_Frag-B	1	6444463
30	P	8AZV_WT_Frag-B	2	6442071
31	P	6GJ8_G12D_Frag-B	0	6439140
32	P	8AZY_G12D_Frag-B	0	6416462
33	P	8AZV_WT_Frag-B	0	6413498
34	P	6GJ8_G12D_Frag-B	1	6394005
35	P	8AZX_G12C_Frag-B	2	6367815
36	Q	7RPZ_G12D_Frag-A	0	6354969
37	Q	7RT1_G12D_Frag-A	0	6346001
38	P	8AZX_G12C_Frag-B	0	6322377
39	Q	8AZX_G12C_Frag-A	0	6306948
40	P	8AZX_G12C_Frag-B	1	6291229
41	Q	8AZZ_G12V_Frag-A	0	6226204
42	Q	8AZV_WT_Frag-A	0	6202958
43	Q	8AZY_G12D_Frag-A	0	6187964
44	P	8AZZ_G12V_Frag-B	2	6181656
45	P	8AZZ_G12V_Frag-B	1	6177935
46	Q	7RT4_G12D_Frag-A	0	6149623
47	P	8AZZ_G12V_Frag-B	0	6143227
48	M	8AZY_G12D_Frag-B	2	5634489
49	P	6GJ6_G12D_Frag-B	2	5601538
50	P	6GJ6_G12D_Frag-B	0	5565655
51	P	6GJ6_G12D_Frag-B	1	5559705
52	P	7RT4_G12D_Frag-B	2	4956594
53	P	7RT4_G12D_Frag-B	1	4949038
54	P	7RT4_G12D_Frag-B	0	4904961
55	P	7RT1_G12D_Frag-B	2	4865888
56	P	7RT1_G12D_Frag-B	1	4863411
57	P	7RT1_G12D_Frag-B	0	4860255
58	M	8AZZ_G12V_Frag-B	1	4847062
59	M	8AZZ_G12V_Frag-B	2	4812821
60	M	8AZX_G12C_Frag-B	2	4740373
61	M	8AZV_WT_Frag-B	0	4734627
62	M	8AZY_G12D_Frag-B	0	4682045
63	M	8AZX_G12C_Frag-B	0	4664526
64	M	8AZV_WT_Frag-B	1	4633425
65	M	8AZY_G12D_Frag-B	1	4630573
66	M	8AZX_G12C_Frag-B	1	4615386
67	M	8AZZ_G12V_Frag-B	0	4600391
68	M	8AZV_WT_Frag-B	2	4569944
69	M	7RT1_G12D_Frag-B	2	4286710
70	M	7RT1_G12D_Frag-B	0	4234661
71	P	7RPZ_G12D_Frag-B	1	4160133
72	P	7RPZ_G12D_Frag-B	2	4114328
73	P	7RPZ_G12D_Frag-B	0	4109392
74	M	6GJ8_G12D_Frag-B	0	3994721
75	M	6GJ8_G12D_Frag-B	1	3959103
76	M	7RT4_G12D_Frag-B	1	3947589
77	M	7RT4_G12D_Frag-B	2	3904849
78	M	7RT4_G12D_Frag-B	0	3878298
79	M	6GJ6_G12D_Frag-B	2	3838961
80	Q	6GJ6_G12D_Frag-D	0	3829981
81	M	6GJ6_G12D_Frag-B	1	3829372
82	M	6GJ6_G12D_Frag-B	0	3809310
83	M	6GJ8_G12D_Frag-B	2	3804327
84	M	7RT1_G12D_Frag-B	1	3781421
85	M	7RPZ_G12D_Frag-B	2	3719972
86	M	7RPZ_G12D_Frag-B	1	3608472
87	M	7RPZ_G12D_Frag-B	0	3521028
88	P	7RT1_G12D_Frag-A	0	3412358
89	P	7RT1_G12D_Frag-A	2	3404469
90	P	7RT1_G12D_Frag-A	1	3390981
91	P	7RT4_G12D_Frag-A	2	3354529
92	P	7RT4_G12D_Frag-A	0	3349362
93	P	7RPZ_G12D_Frag-A	1	3343086
94	P	7RT4_G12D_Frag-A	1	3324713
95	P	7RPZ_G12D_Frag-A	0	3317766
96	P	7RPZ_G12D_Frag-A	2	3293032
97	P	8AZV_WT_Frag-A	1	2969025
98	P	8AZV_WT_Frag-A	0	2968588
99	P	8AZY_G12D_Frag-A	0	2962576
100	P	8AZV_WT_Frag-A	2	2952807
101	P	8AZY_G12D_Frag-A	1	2932303
102	P	8AZY_G12D_Frag-A	2	2907395
103	P	8AZZ_G12V_Frag-A	2	2828217
104	P	8AZX_G12C_Frag-A	0	2826968
105	P	8AZX_G12C_Frag-A	2	2819057
106	P	8AZZ_G12V_Frag-A	0	2808911
107	P	8AZZ_G12V_Frag-A	1	2804488
108	P	8AZX_G12C_Frag-A	1	2802072
109	Q	6GJ8_G12D_Frag-D	0	2709122
110	P	7RT1_G12D_Frag-F	2	1873766
111	P	7RT1_G12D_Frag-F	0	1873326
112	P	7RT1_G12D_Frag-F	1	1869650
113	M	7RT4_G12D_Frag-A	2	1867194
114	M	7RT4_G12D_Frag-A	0	1823388
115	M	7RPZ_G12D_Frag-A	0	1819811
116	P	6GJ6_G12D_Frag-F	2	1784622
117	P	6GJ6_G12D_Frag-F	0	1771206
118	M	7RT1_G12D_Frag-A	2	1766124
119	M	7RT1_G12D_Frag-A	0	1764205
120	P	6GJ6_G12D_Frag-F	1	1763528
121	M	7RT1_G12D_Frag-A	1	1745679
122	M	8AZX_G12C_Frag-A	1	1742358
123	M	7RT4_G12D_Frag-A	1	1723066
124	M	7RT1_G12D_Frag-F	1	1696368
125	M	7RPZ_G12D_Frag-A	2	1694114
126	M	7RPZ_G12D_Frag-A	1	1690489
127	M	8AZX_G12C_Frag-A	0	1681225
128	M	8AZY_G12D_Frag-A	0	1672604
129	M	8AZZ_G12V_Frag-A	2	1649164
130	M	8AZZ_G12V_Frag-A	0	1645682
131	M	8AZY_G12D_Frag-A	2	1641187
132	M	8AZZ_G12V_Frag-A	1	1612358
133	M	8AZV_WT_Frag-A	0	1604910
134	M	8AZV_WT_Frag-A	2	1575167
135	P	7RPZ_G12D_Frag-C	1	1537744
136	M	8AZY_G12D_Frag-A	1	1529116
137	P	7RPZ_G12D_Frag-C	2	1528258
138	P	7RT4_G12D_Frag-C	1	1527594
139	P	7RT4_G12D_Frag-C	2	1525234
140	M	8AZV_WT_Frag-A	1	1524833
141	P	7RPZ_G12D_Frag-C	0	1520260
142	P	7RT4_G12D_Frag-C	0	1514880
143	M	8AZX_G12C_Frag-C	1	1495941
144	M	8AZX_G12C_Frag-A	2	1483269
145	M	7RT4_G12D_Frag-C	1	1467914
146	M	7RPZ_G12D_Frag-C	2	1466465
147	M	8AZV_WT_Frag-F	1	1441047
148	M	8AZV_WT_Frag-C	0	1439561
149	P	7RT1_G12D_Frag-C	1	1429810
150	M	8AZY_G12D_Frag-C	2	1427277
151	P	8AZZ_G12V_Frag-C	0	1420496
152	P	8AZV_WT_Frag-C	2	1415831
153	M	7RT1_G12D_Frag-F	0	1415190
154	M	6GJ6_G12D_Frag-F	1	1414886
155	P	8AZZ_G12V_Frag-C	2	1409801
156	M	7RT4_G12D_Frag-C	0	1408995
157	M	8AZZ_G12V_Frag-C	1	1406889
158	P	8AZV_WT_Frag-C	0	1406017
159	P	8AZZ_G12V_Frag-C	1	1403314
160	M	8AZV_WT_Frag-C	1	1399996
161	P	7RT1_G12D_Frag-C	2	1397736
162	P	8AZV_WT_Frag-C	1	1397453
163	M	7RPZ_G12D_Frag-C	1	1393077
164	P	7RT1_G12D_Frag-C	0	1389126
165	M	7RT4_G12D_Frag-C	2	1388626
166	M	7RPZ_G12D_Frag-C	0	1385252
167	M	8AZX_G12C_Frag-C	2	1383943
168	M	8AZZ_G12V_Frag-C	2	1382180
169	M	7RT4_G12D_Frag-F	1	1375404
170	M	8AZY_G12D_Frag-C	0	1374728
171	P	8AZY_G12D_Frag-C	2	1366892
172	M	7RT1_G12D_Frag-C	2	1355653
173	P	8AZY_G12D_Frag-C	1	1349523
174	M	7RT1_G12D_Frag-C	1	1339298
175	M	6GJ8_G12D_Frag-F	0	1338668
176	M	6GJ6_G12D_Frag-F	2	1332375
177	M	6GJ6_G12D_Frag-F	0	1325022
178	P	8AZY_G12D_Frag-C	0	1319738
179	M	7RT1_G12D_Frag-F	2	1315385
180	P	8AZX_G12C_Frag-C	2	1314425
181	P	8AZX_G12C_Frag-C	0	1312435
182	P	8AZX_G12C_Frag-C	1	1305559
183	M	8AZZ_G12V_Frag-C	0	1289453
184	M	7RT1_G12D_Frag-C	0	1282703
185	P	7RPZ_G12D_Frag-F	0	1273817
186	M	8AZY_G12D_Frag-C	1	1273062
187	P	7RPZ_G12D_Frag-F	1	1272028
188	M	8AZV_WT_Frag-C	2	1271357
189	M	8AZX_G12C_Frag-C	0	1265498
190	P	7RPZ_G12D_Frag-F	2	1251549
191	P	8AZV_WT_Frag-F	2	1192850
192	P	8AZV_WT_Frag-F	1	1179381
193	P	7RT4_G12D_Frag-F	1	1173329
194	P	7RT4_G12D_Frag-F	0	1168296
195	P	8AZZ_G12V_Frag-F	0	1166654
196	P	8AZV_WT_Frag-F	0	1165282
197	P	8AZZ_G12V_Frag-F	1	1159864
198	P	8AZZ_G12V_Frag-F	2	1155623
199	P	7RT4_G12D_Frag-F	2	1155504
200	P	8AZX_G12C_Frag-F	0	1132437
201	P	8AZX_G12C_Frag-F	1	1131105
202	P	8AZX_G12C_Frag-F	2	1128309
203	P	8AZY_G12D_Frag-F	1	1108084
204	P	8AZY_G12D_Frag-F	2	1104121
205	P	8AZY_G12D_Frag-F	0	1098038
206	M	6GJ8_G12D_Frag-F	2	1065764
207	M	6GJ8_G12D_Frag-F	1	1060017
208	M	8AZY_G12D_Frag-F	2	1045410
209	M	8AZV_WT_Frag-F	0	952125
210	M	7RPZ_G12D_Frag-F	0	879595
211	P	6GJ8_G12D_Frag-F	1	859092
212	P	6GJ8_G12D_Frag-F	2	857926
213	M	8AZX_G12C_Frag-F	0	857898
214	P	6GJ8_G12D_Frag-F	0	849556
215	M	7RPZ_G12D_Frag-F	2	841840
216	M	7RPZ_G12D_Frag-F	1	823752
217	M	7RT4_G12D_Frag-F	0	809348
218	M	8AZZ_G12V_Frag-F	0	807858
219	M	8AZZ_G12V_Frag-F	1	807553
220	M	8AZX_G12C_Frag-F	2	806651
221	M	8AZY_G12D_Frag-F	0	793327
222	M	8AZX_G12C_Frag-F	1	792049
223	M	7RT4_G12D_Frag-F	2	791728
224	M	8AZY_G12D_Frag-F	1	791431
225	M	8AZV_WT_Frag-F	2	775971
226	M	8AZZ_G12V_Frag-F	2	775334
227	Q	6GJ8_G12D_Frag-E	0	703873
228	Q	6GJ6_G12D_Frag-E	0	549115
229	P	6GJ6_G12D_Frag-D	2	378661
230	P	6GJ6_G12D_Frag-D	1	377574
231	P	6GJ6_G12D_Frag-D	0	371306
232	P	6GJ8_G12D_Frag-D	0	301327
233	P	6GJ8_G12D_Frag-D	1	300405
234	P	6GJ8_G12D_Frag-D	2	300143
235	M	6GJ6_G12D_Frag-D	2	191478
236	M	6GJ6_G12D_Frag-D	1	175761
237	M	6GJ8_G12D_Frag-D	1	145932
238	M	6GJ8_G12D_Frag-D	0	125906
239	M	6GJ8_G12D_Frag-D	2	119369
240	M	6GJ6_G12D_Frag-D	0	115791
241	P	6GJ8_G12D_Frag-E	0	9002
242	P	6GJ8_G12D_Frag-E	1	8917
243	P	6GJ8_G12D_Frag-E	2	8676
244	P	6GJ6_G12D_Frag-E	0	4952
245	P	6GJ6_G12D_Frag-E	2	4620
246	P	6GJ6_G12D_Frag-E	1	4298
247	M	6GJ8_G12D_Frag-E	2	2790
248	M	6GJ6_G12D_Frag-E	0	47
249	M	6GJ6_G12D_Frag-E	1	47
250	M	6GJ6_G12D_Frag-E	2	47
251	M	6GJ8_G12D_Frag-E	0	47
252	M	6GJ8_G12D_Frag-E	1	47
